,wg_1_w,wg_1_p_1_x,wg_1_p_1_y,wg_1_p_2_x,wg_1_p_2_y,wg_1_p_3_x,wg_1_p_3_y,wg_1_p_4_x,wg_1_p_4_y,wg_2_w,wg_2_p_1_x,wg_2_p_1_y,wg_2_p_2_x,wg_2_p_2_y,wg_2_p_3_x,wg_2_p_3_y,wg_2_p_4_x,wg_2_p_4_y
te1_1.45,,,-0.038064848642586864,-0.12510211475133196,-0.038064848642586864,0.11152666040924722,0.014070939019565652,,0.014070939019565652,,,-0.013143998645697425,-0.04126111442256803,-0.013143998645697425,-0.0667322637892449,-0.008904291407235788,,-0.008904291407235788
te1_1.454,,,-0.03705818791472085,-0.12406694533198256,-0.03705818791472085,0.11030362364359278,0.013761735480083552,,0.013761735480083552,,,-0.01413037651056906,-0.04229621356054184,-0.01413037651056906,-0.06680114274100314,-0.008734890262307754,,-0.008734890262307754
te1_1.458,,,-0.03666975544824395,-0.12222129081273658,-0.03666975544824395,0.10851033891694713,0.013738041554904795,,0.013738041554904795,,,-0.013746077150563727,-0.04283838061226484,-0.013746077150563727,-0.06603012558196864,-0.009992809405063325,,-0.009992809405063325
te1_1.462,,,-0.03614617333924327,-0.1207095103135682,-0.03614617333924327,0.10667778545094464,0.013465795964355633,,0.013465795964355633,,,-0.013560150887061253,-0.043522090528343334,-0.013560150887061253,-0.06470968770603956,-0.01095955590656069,,-0.01095955590656069
te1_1.466,,,-0.0358538175116126,-0.11968235981800576,-0.0358538175116126,0.10481109985621631,0.012893750785624991,,0.012893750785624991,,,-0.013463027227045248,-0.04419144274679659,-0.013463027227045248,-0.06285104028719547,-0.01173828739842833,,-0.01173828739842833
te1_1.47,,,-0.03587261241190726,-0.11886231324002826,-0.03587261241190726,0.10269658482577006,0.012145165703451782,,0.012145165703451782,,,-0.013276259715095289,-0.044815544060720185,-0.013276259715095289,-0.06062727154000904,-0.012396932210033606,,-0.012396932210033606
te1_1.474,,,-0.035953923251938295,-0.11788260124312654,-0.035953923251938295,0.10017257733710588,0.011428321079042283,,0.011428321079042283,,,-0.01273168542702741,-0.04532539695160368,-0.01273168542702741,-0.05847799258278525,-0.012933271091579256,,-0.012933271091579256
te1_1.478,,,-0.03575304593340026,-0.11659271653187733,-0.03575304593340026,0.09740632497405403,0.010768219071367343,,0.010768219071367343,,,-0.011672618214626493,-0.045616240160719274,-0.011672618214626493,-0.05667537624364987,-0.013373492188447394,,-0.013373492188447394
te1_1.482,,,-0.035061714734207286,-0.11512389426368491,-0.035061714734207286,0.09484463298746526,0.010005077797369422,,0.010005077797369422,,,-0.010351975278130176,-0.04577542344105112,-0.010351975278130176,-0.055104338979648615,-0.013640384956391147,,-0.013640384956391147
te1_1.486,,,-0.0340367062880222,-0.11370086994601296,-0.0340367062880222,0.09261116880634432,0.009125123600602485,,0.009125123600602485,,,-0.009129170528952504,-0.04587390892073377,-0.009129170528952504,-0.05368873670425458,-0.013561455093829226,,-0.013561455093829226
te1_1.49,,,-0.0328767887880874,-0.11239973444180044,-0.0328767887880874,0.09032067569890392,0.008262714907998648,,0.008262714907998648,,,-0.008382124832503397,-0.04590954838398805,-0.008382124832503397,-0.05256621251625359,-0.0128430170814402,,-0.0128430170814402
te1_1.494,,,-0.03157263675059495,-0.11115206392239947,-0.03157263675059495,0.08789023700750104,0.007526521942525381,,0.007526521942525381,,,-0.008355516819866605,-0.04605321555096523,-0.008355516819866605,-0.0518109052268179,-0.011442124760082844,,-0.011442124760082844
te1_1.498,,,-0.030452023156563,-0.11039317223564743,-0.030452023156563,0.08709680142558002,0.007449708947574828,,0.007449708947574828,,,-0.008838619260037761,-0.04607138730709898,-0.008838619260037761,-0.05182560309850164,-0.010441538659337465,,-0.010441538659337465
te1_1.502,,,-0.029753617809389635,-0.11036982883854882,-0.029753617809389635,0.0887070567001,0.00825996555650433,,0.00825996555650433,,,-0.009477784517979081,-0.045863107889231085,-0.009477784517979081,-0.052698840413308086,-0.01039413206338135,,-0.01039413206338135
te1_1.506,,,-0.029187827108346935,-0.11044634967506696,-0.029187827108346935,0.09058778814615709,0.009287450570574982,,0.009287450570574982,,,-0.009930203004860663,-0.04587408960265308,-0.009930203004860663,-0.05359650104825965,-0.010412822734599092,,-0.010412822734599092
te1_1.51,,,-0.028832087297665957,-0.1103442563675691,-0.028832087297665957,0.09215214619140953,0.01038515395578026,,0.01038515395578026,,,-0.009681583996777083,-0.04571705716515966,-0.009681583996777083,-0.05417959396078556,-0.010747745791674321,,-0.010747745791674321
te1_1.514,,,-0.028731809709553385,-0.1097499184317685,-0.028731809709553385,0.09312452707841938,0.011617047889254573,,0.011617047889254573,,,-0.008445649467177038,-0.045288541070460236,-0.008445649467177038,-0.05440546312082586,-0.011687682443229779,,-0.011687682443229779
te1_1.518,,,-0.028645042994943117,-0.10904658951754904,-0.028645042994943117,0.09361952880405347,0.012891570192525173,,0.012891570192525173,,,-0.006740212553541363,-0.04510366687068842,-0.006740212553541363,-0.05441228807953108,-0.012662878768368703,,-0.012662878768368703
te1_1.522,,,-0.028456974034003154,-0.10875789551900497,-0.028456974034003154,0.09376741223028173,0.01414548873623586,,0.01414548873623586,,,-0.0051028010830341175,-0.04549097064439657,-0.0051028010830341175,-0.05428975468345959,-0.013121263604700078,,-0.013121263604700078
te1_1.526,,,-0.028241182494382285,-0.1088187170575019,-0.028241182494382285,0.09334502120113793,0.015386981853319966,,0.015386981853319966,,,-0.0036555146614080055,-0.0463326720933139,-0.0036555146614080055,-0.05407206853043768,-0.013028136058061178,,-0.013028136058061178
te1_1.53,,,-0.027936842894288397,-0.10869775959596498,-0.027936842894288397,0.09185866110325182,0.01640976367469685,,0.01640976367469685,,,-0.0023045272588542477,-0.047332831277998325,-0.0023045272588542477,-0.053734080223930426,-0.012602683957836706,,-0.012602683957836706
te1_1.534,,,-0.02722502347175015,-0.107655519848574,-0.02722502347175015,0.08851574890752452,0.016751236447321502,,0.016751236447321502,,,-0.001195901101873308,-0.048268442815345265,-0.001195901101873308,-0.05302763080484408,-0.01165978659490767,,-0.01165978659490767
te1_1.538,,,-0.025618456007359847,-0.1047641930462581,-0.025618456007359847,0.08199284581643128,0.015823629855168293,,0.015823629855168293,,,-0.0009264216816669806,-0.04922221074138253,-0.0009264216816669806,-0.05133436095633627,-0.009116903031570934,,-0.009116903031570934
te1_1.542,,,-0.025227756293834103,-0.10458261600708202,-0.025227756293834103,0.08395529826293509,0.017457874995329314,,0.017457874995329314,,,-0.0007960453284491499,-0.04697960975090921,-0.0007960453284491499,-0.05211354316220603,-0.010625545378538092,,-0.010625545378538092
te1_1.546,,,-0.024482308618220528,-0.10411954268329358,-0.024482308618220528,0.08596163528348404,0.018769468198918383,,0.018769468198918383,,,-0.0010421620986334102,-0.04442029653689515,-0.0010421620986334102,-0.05256124385833729,-0.01181004096250812,,-0.01181004096250812
te1_1.55,,,-0.023367273197751264,-0.103532932776995,-0.023367273197751264,0.08682847408645711,0.019347400004660138,,0.019347400004660138,,,-0.0014135988368070083,-0.04245614954856001,-0.0014135988368070083,-0.05240997961636084,-0.012105578200189183,,-0.012105578200189183
te1_1.554,,,-0.022125760982314106,-0.1033437846752131,-0.022125760982314106,0.08738925465114653,0.01954238021990357,,0.01954238021990357,,,-0.0017131237057501285,-0.041037012384609155,-0.0017131237057501285,-0.052006542812955345,-0.012077155391270172,,-0.012077155391270172
te1_1.558,,,-0.02077901760953081,-0.10352887190008304,-0.02077901760953081,0.08789037589294867,0.01951387711133797,,0.01951387711133797,,,-0.00195513198453991,-0.04011605098827236,-0.00195513198453991,-0.05152525681444795,-0.011891501729499447,,-0.011891501729499447
te1_1.562,,,-0.01937515807333055,-0.103822322645643,-0.01937515807333055,0.08846785074909971,0.019456000542596368,,0.019456000542596368,,,-0.002189631850771858,-0.039572610724681934,-0.002189631850771858,-0.051090641268829076,-0.011622588256660802,,-0.011622588256660802
te1_1.566,,,-0.018099350688391636,-0.10388376471429614,-0.018099350688391636,0.08918402639011316,0.019632939319589832,,0.019632939319589832,,,-0.002427104068314325,-0.03929068533686787,-0.002427104068314325,-0.05076508223476865,-0.011400971754501046,,-0.011400971754501046
te1_1.57,,,-0.017227141632141705,-0.10345521245973618,-0.017227141632141705,0.08995505456501716,0.020288080159884293,,0.020288080159884293,,,-0.0025195431698526918,-0.03914106462625466,-0.0025195431698526918,-0.05055136379640515,-0.011477269250679979,,-0.011477269250679979
te1_1.574,,,-0.01687581961110458,-0.10258695712008857,-0.01687581961110458,0.09060303977761824,0.021480441972483808,,0.021480441972483808,,,-0.002231383792386107,-0.03897723191937776,-0.002231383792386107,-0.05038860617930354,-0.01202838156536188,,-0.01202838156536188
te1_1.578,,,-0.01690372303800457,-0.10161838017708091,-0.01690372303800457,0.091083266933061,0.02307263412023804,,0.02307263412023804,,,-0.0015807255157394347,-0.03878344702725058,-0.0015807255157394347,-0.05022708745053323,-0.012920562255226893,,-0.012920562255226893
te1_1.582,,,-0.017093493637126065,-0.10083356644179162,-0.017093493637126065,0.09152526645141729,0.02488594342864159,,0.02488594342864159,,,-0.0007691392384279253,-0.038659706437954355,-0.0007691392384279253,-0.050060610855259355,-0.013929327893499622,,-0.013929327893499622
te1_1.586,,,-0.017242144152254637,-0.10027388685085147,-0.017242144152254637,0.09206663229022208,0.02677600973667223,,0.02677600973667223,,,4.5837279575777366e-05,-0.03867674391543602,4.5837279575777366e-05,-0.049906422142457406,-0.014945526446049762,,-0.014945526446049762
te1_1.59,,,-0.01718544880605129,-0.0997472037738393,-0.01718544880605129,0.09267734932563294,0.028663167090735055,,0.028663167090735055,,,0.000762664274586522,-0.03875324347912539,0.000762664274586522,-0.04981273347413128,-0.015902493843532158,,-0.015902493843532158
te1_1.594,,,-0.016878004665284274,-0.09897418065267578,-0.016878004665284274,0.0931736846039281,0.030541998482485226,,0.030541998482485226,,,0.0013552763693083945,-0.03867938137008052,0.0013552763693083945,-0.04981929102809546,-0.01673883736721115,,-0.01673883736721115
te1_1.598,,,-0.016453983115603362,-0.09789379797667758,-0.016453983115603362,0.09351588732877827,0.032408589273005266,,0.032408589273005266,,,0.0020482969386970665,-0.03838420321442585,0.0020482969386970665,-0.04984543351501737,-0.01757508451796802,,-0.01757508451796802
te1_1.602,,,-0.016086214192988852,-0.09669670643681025,-0.016086214192988852,0.0938590495426239,0.03419151310552801,,0.03419151310552801,,,0.003121514860575599,-0.03801392763432855,0.003121514860575599,-0.049742584865987004,-0.018607815143900443,,-0.018607815143900443
te1_1.606,,,-0.015828206905249467,-0.09553842930677185,-0.015828206905249467,0.09431138204751494,0.03579377212574062,,0.03579377212574062,,,0.004510602681706194,-0.03772824881003921,0.004510602681706194,-0.04948297256487578,-0.01980661495560876,,-0.01980661495560876
te1_1.61,,,-0.01572526919211534,-0.09442441696152999,-0.01572526919211534,0.09489567297600773,0.037182866725989694,,0.037182866725989694,,,0.005887635212433287,-0.037586879662155306,0.005887635212433287,-0.04919377258628682,-0.02098413250431784,,-0.02098413250431784
te1_1.614,,,-0.015804310448239496,-0.09334574421704885,-0.015804310448239496,0.09558897346827966,0.03834819346505906,,0.03834819346505906,,,0.006953691145379403,-0.03756090113041168,0.006953691145379403,-0.04898934368082097,-0.02196432625422701,,-0.02196432625422701
te1_1.618,,,-0.01589918459041669,-0.09243295606574115,-0.01589918459041669,0.09629846943545985,0.03917438292653895,,0.03917438292653895,,,0.007606984111173707,-0.037564748461856076,0.007606984111173707,-0.04880642477561261,-0.022643852889211624,,-0.022643852889211624
te1_1.622,,,-0.01578549117576398,-0.09185051363951038,-0.01578549117576398,0.09691152209549186,0.039554316797784574,,0.039554316797784574,,,0.00786778299055867,-0.03748869777591575,0.00786778299055867,-0.048555630221606805,-0.022988638628758107,,-0.022988638628758107
te1_1.626,,,-0.015362524525496288,-0.0916592657052787,-0.015362524525496288,0.09733775764954536,0.03951829951755906,,0.03951829951755906,,,0.007804137552695988,-0.0372243474976408,0.007804137552695988,-0.04827655668393665,-0.023024789522748165,,-0.023024789522748165
te1_1.63,,,-0.014620630410057666,-0.09181028045171347,-0.014620630410057666,0.09750388023142048,0.03917611674262284,,0.03917611674262284,,,0.007537580666882574,-0.03671938593957846,0.007537580666882574,-0.04805755480745973,-0.02281238899263913,,-0.02281238899263913
te1_1.634,,,-0.01357956228300616,-0.09215304710200757,-0.01357956228300616,0.09736929214545231,0.038632376913861885,,0.038632376913861885,,,0.007212306955815133,-0.03603400166445767,0.007212306955815133,-0.04792561215023003,-0.02241664590849521,,-0.02241664590849521
te1_1.638,,,-0.012290389904306455,-0.09246781250593475,-0.012290389904306455,0.09693981479542953,0.03796244789535954,,0.03796244789535954,,,0.006949025089776955,-0.03529471269415007,0.006949025089776955,-0.04784676543730821,-0.02191619059329707,,-0.02191619059329707
te1_1.642,,,-0.010825095733391053,-0.09257012756957335,-0.010825095733391053,0.0962597202403282,0.03720563383815189,,0.03720563383815189,,,0.006825314117703167,-0.03458113316289676,0.006825314117703167,-0.0477772725660516,-0.021396904896720328,,-0.021396904896720328
te1_1.646,,,-0.009229782025420389,-0.0923877908743996,-0.009229782025420389,0.09539743270413915,0.03636105015200865,,0.03636105015200865,,,0.0068656114332878455,-0.03386924696877139,0.0068656114332878455,-0.04767303077842169,-0.02090665747676328,,-0.02090665747676328
te1_1.65,,,-0.007535621932993155,-0.09192052077297527,-0.007535621932993155,0.09442972912716621,0.035423136384621016,,0.035423136384621016,,,0.007032940239162681,-0.033080881411007096,0.007032940239162681,-0.0474879232841536,-0.020436227059191587,,-0.020436227059191587
te2_1.45,,,-0.03852966076947512,0.06039108520104543,-0.03852966076947512,-0.026276745720024804,-0.015401650827485649,,-0.015401650827485649,,,-0.0070524672960829695,0.029453471565278513,-0.0070524672960829695,-0.006482726593340557,0.015923680918864626,,0.015923680918864626
te2_1.454,,,-0.038066110598239465,0.060149314304624515,-0.038066110598239465,-0.026616906702554198,-0.01832973208326833,,-0.01832973208326833,,,-0.009086982535676339,0.028709751227985175,-0.009086982535676339,-0.006106674668494106,0.01854605413917686,,0.01854605413917686
te2_1.458,,,-0.040338495004749016,0.05969311433544607,-0.040338495004749016,-0.026736466524508777,-0.017947710806444257,,-0.017947710806444257,,,-0.00772342900300154,0.030363352360480083,-0.00772342900300154,-0.007706866960499677,0.018530824761531707,,0.018530824761531707
te2_1.462,,,-0.041968102005328876,0.05856237860641487,-0.041968102005328876,-0.027048571744938327,-0.01913457721065402,,-0.01913457721065402,,,-0.007226884307594906,0.031529999771028064,-0.007226884307594906,-0.007579699927057814,0.01929649685710774,,0.01929649685710774
te2_1.466,,,-0.044322202910918145,0.05760398661089031,-0.044322202910918145,-0.02831684550226112,-0.018915126618911832,,-0.018915126618911832,,,-0.005705162175765343,0.03302050393149447,-0.005705162175765343,-0.007491345853456166,0.019540159999322328,,0.019540159999322328
te2_1.47,,,-0.047444584630579455,0.05605787476376992,-0.047444584630579455,-0.029336268870558065,-0.01745326679861825,,-0.01745326679861825,,,-0.00317832401991306,0.033763737186557445,-0.00317832401991306,-0.0073944159189139585,0.018825022969779056,,0.018825022969779056
te2_1.474,,,-0.04872540896167955,0.05366798631676952,-0.04872540896167955,-0.030211246230171736,-0.01734165626625524,,-0.01734165626625524,,,-0.002238311306916631,0.034126206064872724,-0.002238311306916631,-0.0061526762547408275,0.01844891623270215,,0.01844891623270215
te2_1.478,,,-0.05040004818929077,0.05288094978316429,-0.05040004818929077,-0.032826098455893106,-0.017733329257326822,,-0.017733329257326822,,,-0.002700352524539184,0.03526857201351101,-0.002700352524539184,-0.007664649660852328,0.01691119074868859,,0.01691119074868859
te2_1.482,,,-0.05083400858194307,0.05183100827165216,-0.05083400858194307,-0.035555938322824186,-0.018524861157433584,,-0.018524861157433584,,,-0.004115228208450273,0.03492247647319741,-0.004115228208450273,-0.008457951240377003,0.016107156798599562,,0.016107156798599562
te2_1.486,,,-0.050851623559260754,0.05139269849519983,-0.050851623559260754,-0.03808975774346804,-0.01802943686424722,,-0.01802943686424722,,,-0.005714469815401545,0.03562199687909633,-0.005714469815401545,-0.009133713016090625,0.01568633207392672,,0.01568633207392672
te2_1.49,,,-0.050686406535129215,0.052253768652261195,-0.050686406535129215,-0.0404510475928142,-0.01797471406592702,,-0.01797471406592702,,,-0.007055019378079043,0.037467428987642264,-0.007055019378079043,-0.009488199930024942,0.016546289904294548,,0.016546289904294548
te2_1.494,,,-0.05042443561049055,0.052804075861849216,-0.05042443561049055,-0.04251045011250259,-0.01863722618289465,,-0.01863722618289465,,,-0.00833466221582941,0.03839350355326028,-0.00833466221582941,-0.009352812354065128,0.017978343987034903,,0.017978343987034903
te2_1.498,,,-0.05054632705430635,0.052967124925515974,-0.05054632705430635,-0.04428913084149076,-0.019047458382523606,,-0.019047458382523606,,,-0.008944947965592013,0.038634693168908045,-0.008944947965592013,-0.009652254462125453,0.018365317687698692,,0.018365317687698692
te2_1.502,,,-0.050767821704805115,0.05212673267208519,-0.050767821704805115,-0.045569236285695036,-0.018842001659246745,,-0.018842001659246745,,,-0.009589013715004497,0.0400479981883618,-0.009589013715004497,-0.010285193738615429,0.018615684427272263,,0.018615684427272263
te2_1.506,,,-0.05085720095574525,0.05100054380079479,-0.05085720095574525,-0.047348523688074184,-0.018855934585475576,,-0.018855934585475576,,,-0.00878460557813412,0.042712601322846114,-0.00878460557813412,-0.00985172179675208,0.019788935142083512,,0.019788935142083512
te2_1.51,,,-0.04919378294329412,0.05064244110873293,-0.04919378294329412,-0.049878303349341506,-0.017977784373541916,,-0.017977784373541916,,,-0.008848739319547713,0.04467180255896742,-0.008848739319547713,-0.008540283858716519,0.019393795856971655,,0.019393795856971655
te2_1.514,,,-0.04737592738519906,0.04959732543504214,-0.04737592738519906,-0.052255125320758516,-0.01730820599499644,,-0.01730820599499644,,,-0.008513769831208131,0.04680196505695538,-0.008513769831208131,-0.007527093057152537,0.018498439093343665,,0.018498439093343665
te2_1.518,,,-0.04522587072105078,0.0473294303362843,-0.04522587072105078,-0.0556030504569683,-0.016965793047618898,,-0.016965793047618898,,,-0.009142362541764365,0.04816023820911209,-0.009142362541764365,-0.005932653078723769,0.017459740406734453,,0.017459740406734453
te2_1.522,,,-0.045952111807384864,0.04816020464953584,-0.045952111807384864,-0.05823685706031763,-0.01622674321222092,,-0.01622674321222092,,,-0.007444824453961055,0.04882639408613706,-0.007444824453961055,-0.0062097337211460355,0.01875159647487637,,0.01875159647487637
te2_1.526,,,-0.04756578878756922,0.04658305012115673,-0.04756578878756922,-0.06141328048987046,-0.016223407498244975,,-0.016223407498244975,,,-0.006955666187528838,0.048146290898251336,-0.006955666187528838,-0.007341828326700736,0.019576677190319688,,0.019576677190319688
te2_1.53,,,-0.04777954695074266,0.041498875048600496,-0.04777954695074266,-0.06322735046452428,-0.014497946456636794,,-0.014497946456636794,,,-0.007727557355670096,0.046937902628077954,-0.007727557355670096,-0.008080978376285112,0.018640420320637598,,0.018640420320637598
te2_1.534,,,-0.04812941059900156,0.03826549331592656,-0.04812941059900156,-0.06658427467348468,-0.01268365105186699,,-0.01268365105186699,,,-0.010361748930577354,0.04764915700613623,-0.010361748930577354,-0.00912411410159764,0.016344756411965835,,0.016344756411965835
te2_1.538,,,-0.04764409241227194,0.03547423765218487,-0.04764409241227194,-0.07045474350616483,-0.010580235784570497,,-0.010580235784570497,,,-0.012878825935634835,0.04802039272274967,-0.012878825935634835,-0.00755710163412872,0.014441349231319055,,0.014441349231319055
te2_1.542,,,-0.04632861592506409,0.034374028471415664,-0.04632861592506409,-0.07569566356116268,-0.010354315883855277,,-0.010354315883855277,,,-0.012863021616623565,0.04815051572059056,-0.012863021616623565,-0.00749729612286574,0.013592516654786186,,0.013592516654786186
te2_1.546,,,-0.046560796212815975,0.035272355397059266,-0.046560796212815975,-0.07473676046146832,-0.01083132956696512,,-0.01083132956696512,,,-0.013929816591598896,0.04783170125224098,-0.013929816591598896,-0.00742401517229096,0.01267099042983917,,0.01267099042983917
te2_1.55,,,-0.04590007964320824,0.03848443000418246,-0.04590007964320824,-0.07175185332263892,-0.01122059204938731,,-0.01122059204938731,,,-0.011812011287173213,0.04786243495460052,-0.011812011287173213,-0.008396935276875607,0.014604009828838705,,0.014604009828838705
te2_1.554,,,-0.046562731199660715,0.04066116530021529,-0.046562731199660715,-0.06739027201640956,-0.01179261312788093,,-0.01179261312788093,,,-0.009527669278198177,0.04784941129586254,-0.009527669278198177,-0.006174395544116044,0.015734968589769808,,0.015734968589769808
te2_1.558,,,-0.04636145030263034,0.04301154393171838,-0.04636145030263034,-0.0628618418710733,-0.011865608061947462,,-0.011865608061947462,,,-0.008452072492751731,0.046780976729469834,-0.008452072492751731,-0.005118237033915265,0.01559848394980597,,0.01559848394980597
te2_1.562,,,-0.045110917227868086,0.04632431678891151,-0.045110917227868086,-0.0589952384969599,-0.012489204592437884,,-0.012489204592437884,,,-0.008077677728796365,0.045912624316886114,-0.008077677728796365,-0.0062847830761494725,0.016992790627014222,,0.016992790627014222
te2_1.566,,,-0.04461316753102297,0.04729704413409781,-0.04461316753102297,-0.05721176919423764,-0.011536138917594887,,-0.011536138917594887,,,-0.006466118540520265,0.044797468426626734,-0.006466118540520265,-0.0076293142905472094,0.017274907222296472,,0.017274907222296472
te2_1.57,,,-0.04549074035514244,0.04763580884998145,-0.04549074035514244,-0.05379792423820061,-0.011371938136986658,,-0.011371938136986658,,,-0.004938810482169271,0.043654463860887525,-0.004938810482169271,-0.007887438958728323,0.018274624861044888,,0.018274624861044888
te2_1.574,,,-0.04539709508037649,0.04747428142880782,-0.04539709508037649,-0.051412020634152955,-0.011782210401147143,,-0.011782210401147143,,,-0.004985316194603896,0.04230097315121213,-0.004985316194603896,-0.007278711634768081,0.01883473967877444,,0.01883473967877444
te2_1.578,,,-0.04606376198394154,0.04744877530615079,-0.04606376198394154,-0.049386248808007675,-0.012663541657741266,,-0.012663541657741266,,,-0.0053521206786837534,0.042042474046473786,-0.0053521206786837534,-0.006565067463336524,0.020098461849900152,,0.020098461849900152
te2_1.582,,,-0.04714744796943391,0.047116180107573964,-0.04714744796943391,-0.048084413582879675,-0.010941338378956405,,-0.010941338378956405,,,-0.007544790194041083,0.04160608560599657,-0.007544790194041083,-0.007576662911686827,0.020492520982002865,,0.020492520982002865
te2_1.586,,,-0.046463070715761036,0.048158028580719894,-0.046463070715761036,-0.047482715864926466,-0.011445688660425515,,-0.011445688660425515,,,-0.00804160034581845,0.04073252126051516,-0.00804160034581845,-0.0070115773653466945,0.01961575262061501,,0.01961575262061501
te2_1.59,,,-0.04668953605851812,0.04791154466606344,-0.04668953605851812,-0.04758863684443411,-0.01190501400886032,,-0.01190501400886032,,,-0.008549712672393977,0.04080629238215468,-0.008549712672393977,-0.006095417668129334,0.019453192237902622,,0.019453192237902622
te2_1.594,,,-0.04794858303068589,0.04654149723969973,-0.04794858303068589,-0.04710864245497703,-0.01185858381242087,,-0.01185858381242087,,,-0.007923861121259862,0.04015524404335568,-0.007923861121259862,-0.004986552162800371,0.019413892853440317,,0.019413892853440317
te2_1.598,,,-0.048117222424444286,0.04551184165972274,-0.048117222424444286,-0.046092922357390397,-0.013133989850029365,,-0.013133989850029365,,,-0.008902433295892525,0.040286027405220026,-0.008902433295892525,-0.0052658511850996025,0.020240866378907964,,0.020240866378907964
te2_1.602,,,-0.048941727387507454,0.045581620110027914,-0.048941727387507454,-0.04666286006767345,-0.013733829763437424,,-0.013733829763437424,,,-0.008418705853753327,0.04050683162893784,-0.008418705853753327,-0.004510612530910121,0.020642704295089607,,0.020642704295089607
te2_1.606,,,-0.050521291541981615,0.045419127709719634,-0.050521291541981615,-0.04777517036205541,-0.01412372549468013,,-0.01412372549468013,,,-0.007099230499321751,0.04004133408144642,-0.007099230499321751,-0.003241177305616582,0.02177547602384268,,0.02177547602384268
te2_1.61,,,-0.04950266429460748,0.04595136569282913,-0.04950266429460748,-0.047136733536792604,-0.015402301572818824,,-0.015402301572818824,,,-0.007621662344818514,0.04169925570704218,-0.007621662344818514,-0.0033119167457519925,0.02181988799304633,,0.02181988799304633
te2_1.614,,,-0.04939327749823909,0.04617758190600524,-0.04939327749823909,-0.04694443757522604,-0.01692116431519369,,-0.01692116431519369,,,-0.007261409973226985,0.042242228540360055,-0.007261409973226985,-0.0027380194624773875,0.02284012065899234,,0.02284012065899234
te2_1.618,,,-0.0495257396135493,0.045653037501194337,-0.0495257396135493,-0.046418238010788725,-0.01903360822110301,,-0.01903360822110301,,,-0.006442018838285047,0.04142619490769835,-0.006442018838285047,-0.0016779008533824647,0.024164868391703915,,0.024164868391703915
te2_1.622,,,-0.04949202783415202,0.045627270316258794,-0.04949202783415202,-0.04662974679914665,-0.02040438460563914,,-0.02040438460563914,,,-0.00575122481365292,0.04134101864790781,-0.00575122481365292,-0.0013077271841659822,0.024854741918796996,,0.024854741918796996
te2_1.626,,,-0.049581329943986376,0.04602242233782881,-0.049581329943986376,-0.04717924930200933,-0.02086667083462259,,-0.02086667083462259,,,-0.004584771684901951,0.04196693761057591,-0.004584771684901951,-0.0016388438030071105,0.0250519185583099,,0.0250519185583099
te2_1.63,,,-0.05018743184509752,0.045976277588153425,-0.05018743184509752,-0.04739490656403157,-0.02096355416617123,,-0.02096355416617123,,,-0.00315059629429384,0.04215271617698658,-0.00315059629429384,-0.0019883896761939434,0.025348538568908938,,0.025348538568908938
te2_1.634,,,-0.05023182472587893,0.045257989197764234,-0.05023182472587893,-0.04748385357995247,-0.021025977440423886,,-0.021025977440423886,,,-0.002183720709471809,0.04192340746235874,-0.002183720709471809,-0.0024121296091756043,0.025738354684484953,,0.025738354684484953
te2_1.638,,,-0.049697098915465907,0.044545274521383973,-0.049697098915465907,-0.0478377534137605,-0.021018307968555326,,-0.021018307968555326,,,-0.0014014251124310993,0.04089768479692866,-0.0014014251124310993,-0.0027463107240520306,0.026010842510343832,,0.026010842510343832
te2_1.642,,,-0.04925565862319671,0.04351984546171042,-0.04925565862319671,-0.046819616637877814,-0.020019041275994784,,-0.020019041275994784,,,-0.001871037323037219,0.04029432949394476,-0.001871037323037219,-0.002174214316918832,0.02550500972195151,,0.02550500972195151
te2_1.646,,,-0.04776771483769567,0.04245373275586103,-0.04776771483769567,-0.04521834091071573,-0.019746587254249482,,-0.019746587254249482,,,-0.0035605232515054062,0.04039719149679643,-0.0035605232515054062,-0.001159233710962533,0.026375971020050484,,0.026375971020050484
te2_1.65,,,-0.04607908494724051,0.041476392727833995,-0.04607908494724051,-0.044545100132112755,-0.019275219095423405,,-0.019275219095423405,,,-0.00445374921445508,0.04018736630665753,-0.00445374921445508,-7.804366178821418e-05,0.026434359713204635,,0.026434359713204635
te_phase_diff_1.45,,,-0.006838726223186275,-0.043516201183370906,-0.006838726223186275,0.011610579379441323,0.02533054992425061,,0.02533054992425061,,,-0.04267189771678988,-0.016578596556948294,-0.04267189771678988,-0.03031610276885857,0.016964125558519373,,0.016964125558519373
te_phase_diff_1.454,,,-0.018845657375456498,-0.03243255269954956,-0.018845657375456498,0.04156882358070958,-0.015690786268143044,,-0.015690786268143044,,,-0.03726062902103126,-0.030485325882302843,-0.03726062902103126,-0.008568166761766974,0.012454084579632605,,0.012454084579632605
te_phase_diff_1.458,,,-0.031491758344001565,-0.04792783617455296,-0.031491758344001565,0.040091010072125365,-0.030872547900219708,,-0.030872547900219708,,,-0.008342559292296997,-0.04181329295899437,-0.008342559292296997,0.034357580525169976,0.0026903254546609095,,0.0026903254546609095
te_phase_diff_1.462,,,0.009499014631933476,-0.048481975274284515,0.009499014631933476,0.01300255517943674,0.0024160456431200875,,0.0024160456431200875,,,-0.0002046309563524705,-0.04169862169415991,-0.0002046309563524705,0.031595092508932034,-0.00626874915655521,,-0.00626874915655521
te_phase_diff_1.466,,,-0.02515707199761295,-0.03451451187031836,-0.02515707199761295,0.010072937030986233,-0.017405138152599645,,-0.017405138152599645,,,-0.027739274785846122,-0.0345600743633529,-0.027739274785846122,-0.0024276398772461304,-0.03647789556787361,,-0.03647789556787361
te_phase_diff_1.47,,,-0.0033989199386759363,-0.05277335734807202,-0.0033989199386759363,0.004453964361522914,0.007549926404715191,,0.007549926404715191,,,0.019036237322577976,-0.01250148188224557,0.019036237322577976,0.0002065959564182133,-0.02168203649968748,,-0.02168203649968748
te_phase_diff_1.474,,,0.0038247580555116336,-0.0741223562948979,0.0038247580555116336,0.026460077509415612,0.002348338313867514,,0.002348338313867514,,,-0.009441715822323785,0.0018336824636077192,-0.009441715822323785,0.011948947403038809,-0.018171080017995007,,-0.018171080017995007
te_phase_diff_1.478,,,0.011798683299122101,-0.05687904548575365,0.011798683299122101,0.013232432532558316,-0.03561228306341437,,-0.03561228306341437,,,-0.025423776668539816,-0.011713540941343702,-0.025423776668539816,0.015554972584024553,-0.009184209056912258,,-0.009184209056912258
te_phase_diff_1.482,,,0.013622915082667188,-0.04844612693697689,0.013622915082667188,0.0217421202459811,-0.0251530763085602,,-0.0251530763085602,,,-0.02690356629437472,-0.019458083337539626,-0.02690356629437472,0.0006394179499270978,-0.0060962821155985504,,-0.0060962821155985504
te_phase_diff_1.486,,,0.04065163790439632,-0.05718675813217459,0.04065163790439632,0.01790419290541254,-0.040477881219197195,,-0.040477881219197195,,,-0.007389765870476509,-0.002305481728719935,-0.007389765870476509,0.0028231955779914643,0.04499936161710147,,0.04499936161710147
te_phase_diff_1.49,,,0.04274292407313399,-0.0448806214582706,0.04274292407313399,0.008347644654962755,-0.03460545150418055,,-0.03460545150418055,,,0.02263392770457341,0.028941364925490945,0.02263392770457341,-0.0027366220094464104,0.019695893847287704,,0.019695893847287704
te_phase_diff_1.494,,,0.012169300805387596,0.021209071580450493,0.012169300805387596,0.01416659598327469,0.0032318904017415414,,0.0032318904017415414,,,0.03715797003536081,0.018149026693895925,0.03715797003536081,-0.019962070544125167,-0.017293331930712218,,-0.017293331930712218
te_phase_diff_1.498,,,0.021951928948306804,0.06915013042125555,0.021951928948306804,-0.012104017969992347,0.0312675269697741,,0.0312675269697741,,,0.06335239583862817,0.008074542414828679,0.06335239583862817,-0.003503684097091534,-0.03150763736606787,,-0.03150763736606787
te_phase_diff_1.502,,,0.043564769507094016,0.05283028692844931,0.043564769507094016,-0.02831741134624231,0.0039125744729683705,,0.0039125744729683705,,,-0.003985812279815771,0.018469542011917965,-0.003985812279815771,0.028678248762417927,-0.001605014243013345,,-0.001605014243013345
te_phase_diff_1.506,,,-0.006422174322801833,0.04838046967444292,-0.006422174322801833,-0.02868509103942971,0.00822205663962928,,0.00822205663962928,,,-0.02172666412685692,0.03179262315856325,-0.02172666412685692,-0.006862588786891611,-0.0097901400223549,,-0.0097901400223549
te_phase_diff_1.51,,,-0.009222871688291313,0.06825667692915756,-0.009222871688291313,-0.05179092138876896,0.02772407329104489,,0.02772407329104489,,,-0.005587736600644748,0.04828171974830393,-0.005587736600644748,-0.03940091787022313,-0.025411633032161308,,-0.025411633032161308
te_phase_diff_1.514,,,0.024049722128960272,0.061237397228176796,0.024049722128960272,-0.046407321758558266,0.005465023779258664,,0.005465023779258664,,,-0.022416044747238108,0.030501444800777995,-0.022416044747238108,-0.053338969682427934,-0.0030059805767755714,,-0.0030059805767755714
te_phase_diff_1.518,,,0.022283116951799516,0.06426057962082335,0.022283116951799516,-0.07382075196778472,0.04863021878668822,,0.04863021878668822,,,-0.0091489207693809,0.013136058731345586,-0.0091489207693809,-0.027203134590437564,-0.021692387829677463,,-0.021692387829677463
te_phase_diff_1.522,,,0.006595144718276505,0.0735274952002153,0.006595144718276505,-0.05751934890573371,0.013738540169173126,,0.013738540169173126,,,-0.02699781765139705,0.016719618824500126,-0.02699781765139705,-0.020275359509904153,0.005868265542006572,,0.005868265542006572
te_phase_diff_1.526,,,-0.040610971470884154,0.0038934170708380443,-0.040610971470884154,-0.003332200905866963,-0.019392809876261956,,-0.019392809876261956,,,0.01913657796907496,0.023322530369539428,0.01913657796907496,-0.0167930613498381,0.026112902085962956,,0.026112902085962956
te_phase_diff_1.53,,,0.0018969314963888718,0.002895429137620711,0.0018969314963888718,-0.004551496032776715,0.04170067001382329,,0.04170067001382329,,,0.020461522184058754,0.016385100363154638,0.020461522184058754,-0.012799539570821045,-0.0033463108979729815,,-0.0033463108979729815
te_phase_diff_1.534,,,-0.053301620548413996,0.029159228166339483,-0.053301620548413996,0.018378528556286057,0.02507974718487463,,0.02507974718487463,,,-0.018456649019483736,-0.008986530242241868,-0.018456649019483736,0.024845098898219956,0.022951725981474602,,0.022951725981474602
te_phase_diff_1.538,,,-0.03456778498135311,-0.004229757514719872,-0.03456778498135311,0.04039944231027547,0.006688258546165881,,0.006688258546165881,,,0.006907078483546873,-0.03913979603981497,0.006907078483546873,0.05047490322830516,-0.007409603378379721,,-0.007409603378379721
te_phase_diff_1.542,,,-0.04352292488996269,-0.025885657233795045,-0.04352292488996269,0.028076354606581894,-0.013388592734575619,,-0.013388592734575619,,,0.004614696569774235,-0.0304013322513737,0.004614696569774235,0.012538366516874996,-0.007563918231452893,,-0.007563918231452893
te_phase_diff_1.546,,,-0.0363815481408545,-0.009488608513136553,-0.0363815481408545,0.04285933484135969,-0.020832796887137926,,-0.020832796887137926,,,0.019799757991182988,-0.052843126113114355,0.019799757991182988,0.020270867243795246,-0.014369665167324984,,-0.014369665167324984
te_phase_diff_1.55,,,-0.023683227035386757,-0.01855328596356227,-0.023683227035386757,0.03166192190868252,-0.03688277843042244,,-0.03688277843042244,,,-0.0015864050917349217,-0.04149002153735023,-0.0015864050917349217,0.03554568008912781,-0.007907185024347304,,-0.007907185024347304
te_phase_diff_1.554,,,-0.03116765927008832,-0.024203359094525787,-0.03116765927008832,0.01714519440621399,-0.05627345915491675,,-0.05627345915491675,,,0.01680519519717979,-0.004843607110854783,0.01680519519717979,0.03619023896093418,0.028161170106197113,,0.028161170106197113
te_phase_diff_1.558,,,-0.00031185556013333245,-0.023667960407434758,-0.00031185556013333245,0.04679301936860023,-0.055525805109851126,,-0.055525805109851126,,,-0.0001342082826097359,0.015097037609531513,-0.0001342082826097359,0.021032243362240764,0.049639771582130676,,0.049639771582130676
te_phase_diff_1.562,,,0.009389815763265605,-0.033356710308574414,0.009389815763265605,0.03559504674425671,-0.06484078732179967,,-0.06484078732179967,,,-0.026627085786008517,0.020757982784000935,-0.026627085786008517,-0.0037583778977018844,0.0324306520002081,,0.0324306520002081
te_phase_diff_1.566,,,0.031648588967898184,-0.029898069693954497,0.031648588967898184,0.05436787016849532,-0.044586577085578956,,-0.044586577085578956,,,-0.05915652041946041,0.010064792940697048,-0.05915652041946041,-0.010484308569741934,0.03109701091016952,,0.03109701091016952
te_phase_diff_1.57,,,0.01696668529091617,-0.0075411433850834965,0.01696668529091617,0.03687707949783067,-0.025537403925775016,,-0.025537403925775016,,,-0.04173956893946974,0.03867375294379863,-0.04173956893946974,-0.0036590019123634993,0.00017656332123880378,,0.00017656332123880378
te_phase_diff_1.574,,,-0.027006275379793283,0.0005465860848936398,-0.027006275379793283,0.03784745181786687,-0.026604167959482034,,-0.026604167959482034,,,-0.011011791910306665,0.019856462939144642,-0.011011791910306665,-0.04913346718594111,0.024959086378981508,,0.024959086378981508
te_phase_diff_1.578,,,-0.03052262780228147,0.005243697152439839,-0.03052262780228147,0.019177887251607142,0.026663848610849254,,0.026663848610849254,,,-0.005138404813786656,-0.002745649257184143,-0.005138404813786656,-0.047180124569752485,-0.004150083571332995,,-0.004150083571332995
te_phase_diff_1.582,,,0.022410720522725393,-0.0031542333812878782,0.022410720522725393,0.005686215637192843,-0.03001466356211567,,-0.03001466356211567,,,-0.009557633764309884,0.011055007523146046,-0.009557633764309884,-0.0512884477361536,0.01783251532959944,,0.01783251532959944
te_phase_diff_1.586,,,0.03067510711199669,-0.015248631791993502,0.03067510711199669,-0.0044395050369708455,0.02640109633554136,,0.02640109633554136,,,-0.04662629730222156,0.013428150754112637,-0.04662629730222156,-0.004481358761125679,-0.01782045880823447,,-0.01782045880823447
te_phase_diff_1.59,,,0.035523152552222305,-0.022068052478006684,0.035523152552222305,0.0067154400608265274,0.039564230613043004,,0.039564230613043004,,,-0.00797732356599761,0.003731874705412995,-0.00797732356599761,-0.011985978872428738,-0.0407442892773813,,-0.0407442892773813
te_phase_diff_1.594,,,0.04227866155566229,0.012714618113662994,0.04227866155566229,-0.008586208641890821,0.04772271989764776,,0.04772271989764776,,,-0.003250463897909085,0.036642790897785736,-0.003250463897909085,0.013258841202529292,-0.0626220027567016,,-0.0626220027567016
te_phase_diff_1.598,,,0.037154728794638756,0.033285097908680034,0.037154728794638756,-0.029146548918046033,0.0426195449135733,,0.0426195449135733,,,0.0028925876539373637,0.03003417292934276,0.0028925876539373637,-0.010899513662892822,-0.035742110281933255,,-0.035742110281933255
te_phase_diff_1.602,,,0.006232806043152508,0.026512150996141737,0.006232806043152508,-0.014021854973440146,0.059077057303226536,,0.059077057303226536,,,0.02019323850995099,0.03241014745262214,0.02019323850995099,-0.014290541895015173,-0.0373769740506632,,-0.0373769740506632
te_phase_diff_1.606,,,0.03807999867319424,0.018670334643129335,0.03807999867319424,-0.06880106121238413,0.08236816261644112,,0.08236816261644112,,,0.008924387404012793,-0.009900757437758029,0.008924387404012793,0.02332711572262891,-0.041347080487541474,,-0.041347080487541474
te_phase_diff_1.61,,,0.025088628193885968,0.056825670205056474,0.025088628193885968,-0.06152050539585863,0.09097431156073749,,0.09097431156073749,,,0.0020350394959286976,-0.017066790438840452,0.0020350394959286976,0.01878733070446999,-0.06197580846257423,,-0.06197580846257423
te_phase_diff_1.614,,,0.03254514948813078,0.09681135269438099,0.03254514948813078,-0.0667885435947159,0.10466370050543179,,0.10466370050543179,,,0.02117433668001824,0.010240807846740328,0.02117433668001824,0.03133890995120355,-0.05660177948884527,,-0.05660177948884527
te_phase_diff_1.618,,,0.015570811625437074,0.019954852403082264,0.015570811625437074,-0.04719815248066651,0.025059780409307085,,0.025059780409307085,,,0.044525456464367154,-0.022311563874590833,0.044525456464367154,0.04122538965887515,0.0047173442221547365,,0.0047173442221547365
te_phase_diff_1.622,,,0.02911964909804518,0.01671476999115557,0.02911964909804518,-0.0612090141981579,0.001952258930628251,,0.001952258930628251,,,0.02845539826490964,-0.06372406040726332,0.02845539826490964,0.03506727277785555,0.03927050977706398,,0.03927050977706398
te_phase_diff_1.626,,,-0.003276953410272804,0.016100744960593723,-0.003276953410272804,-0.049733162144816746,0.00848284351154499,,0.00848284351154499,,,0.03448731916906153,-0.05266432936601568,0.03448731916906153,0.0419716020801787,0.008040091490448476,,0.008040091490448476
te_phase_diff_1.63,,,-0.006372290280708414,-0.009551075305445482,-0.006372290280708414,-0.025030953323658914,-0.05175310755669679,,-0.05175310755669679,,,0.030085315763567037,-0.06289343718489827,0.030085315763567037,0.055567292296944966,-0.008246157597122076,,-0.008246157597122076
te_phase_diff_1.634,,,-0.031237117804489695,-0.010224011120890332,-0.031237117804489695,0.0264600887354052,-0.08390012429687074,,-0.08390012429687074,,,0.0030789958966677476,-0.06923574905632171,0.0030789958966677476,0.024755759572477304,0.030315683751108595,,0.030315683751108595
te_phase_diff_1.638,,,-0.031371773184009875,-0.0204460889253339,-0.031371773184009875,0.016534514685957548,-0.07044115045294887,,-0.07044115045294887,,,0.009900772218553249,-0.04629703117888914,0.009900772218553249,0.00490979892217941,0.05367972296605587,,0.05367972296605587
te_phase_diff_1.642,,,-0.027103256248855907,-0.021100210849245567,-0.027103256248855907,0.018878015159391987,-0.05015337808725882,,-0.05015337808725882,,,-0.017834266117580287,0.007272576883484461,-0.017834266117580287,0.005184636050859301,0.0365375411025285,,0.0365375411025285
te_phase_diff_1.646,,,-0.027439438200561304,-0.05423821881452627,-0.027439438200561304,0.044676666205100884,-0.07196496316836254,,-0.07196496316836254,,,-0.04209597247884573,0.01482961749676832,-0.04209597247884573,0.005843897670712996,0.05605754931461667,,0.05605754931461667
te_phase_diff_1.65,,,-0.008186278338736416,-0.04070071336617976,-0.008186278338736416,0.07037779029441323,-0.05944888801508893,,-0.05944888801508893,,,-0.05831680304470602,0.044938406666513796,-0.05831680304470602,-0.018952638763309715,0.042515398533179656,,0.042515398533179656
tm1_1.45,,,-0.008538931890234835,-0.21837559178859098,-0.008538931890234835,0.29144628790959864,-0.01941884199421494,,-0.01941884199421494,,,0.004519703734259433,-0.015559224670789065,0.004519703734259433,-0.05005413089171463,0.0008116368431075435,,0.0008116368431075435
tm1_1.454,,,-0.008396603959916371,-0.21707434661425842,-0.008396603959916371,0.29014071946302716,-0.01925620168755369,,-0.01925620168755369,,,0.002766712361963483,-0.014204913952914375,0.002766712361963483,-0.0494110244363804,0.0016808163948672289,,0.0016808163948672289
tm1_1.458,,,-0.008200424931327159,-0.21619637578606488,-0.008200424931327159,0.2885861978772449,-0.019027396860260726,,-0.019027396860260726,,,0.001375588579531594,-0.013340996397746526,0.001375588579531594,-0.04931873207235845,0.002392951986790579,,0.002392951986790579
tm1_1.462,,,-0.008008079937567728,-0.2159176294576313,-0.008008079937567728,0.2871217886588413,-0.01883606833176574,,-0.01883606833176574,,,0.0003760930292423448,-0.013013686699443607,0.0003760930292423448,-0.049649448759470305,0.0029043158151843313,,0.0029043158151843313
tm1_1.466,,,-0.007847722719320827,-0.21624775585008316,-0.007847722719320827,0.28598240434517685,-0.018740794473651255,,-0.018740794473651255,,,-0.000374045014843566,-0.01322921909159909,-0.000374045014843566,-0.05026764390015587,0.0033105185869874284,,0.0033105185869874284
tm1_1.47,,,-0.007840477414557746,-0.21700176773439453,-0.007840477414557746,0.28523184910401406,-0.018635060542843366,,-0.018635060542843366,,,-0.0008146510149894584,-0.013883146099964657,-0.0008146510149894584,-0.051197038208770605,0.0035732410138789136,,0.0035732410138789136
tm1_1.474,,,-0.008356604152968695,-0.21782708922876284,-0.008356604152968695,0.28486731497173284,-0.018202098492902535,,-0.018202098492902535,,,-0.0005066277812530535,-0.014532686338986241,-0.0005066277812530535,-0.052677158066725745,0.0034147069857480483,,0.0034147069857480483
tm1_1.478,,,-0.009383259042729068,-0.2185299520665083,-0.009383259042729068,0.28476021089627795,-0.01746254832004669,,-0.01746254832004669,,,0.0003484371441345365,-0.015100900796922924,0.0003484371441345365,-0.05444289589369454,0.0030394570353571007,,0.0030394570353571007
tm1_1.482,,,-0.0104921916442845,-0.21912897613896157,-0.0104921916442845,0.2847661081767443,-0.016710044863074574,,-0.016710044863074574,,,0.0010989069199944582,-0.015931624283175027,0.0010989069199944582,-0.055895026555785744,0.002984338372522424,,0.002984338372522424
tm1_1.486,,,-0.011422305387579696,-0.21957522238793653,-0.011422305387579696,0.2848310222026527,-0.01602193195843383,,-0.01602193195843383,,,0.001605769233278396,-0.017145209309511994,0.001605769233278396,-0.05684308125921831,0.00336223238626015,,0.00336223238626015
tm1_1.49,,,-0.012165535059203087,-0.2196854863386858,-0.012165535059203087,0.28487709895396535,-0.015287262121268403,,-0.015287262121268403,,,0.002271998513666468,-0.018528037931585785,0.002271998513666468,-0.05729980190965484,0.003794728497819998,,0.003794728497819998
tm1_1.494,,,-0.013079674784664734,-0.21925227011358145,-0.013079674784664734,0.2849033015918708,-0.014150019957149295,,-0.014150019957149295,,,0.0040865103710573825,-0.01959086318947534,0.0040865103710573825,-0.057217193092698806,0.0034578734272643235,,0.0034578734272643235
tm1_1.498,,,-0.014166293688015006,-0.218357339022128,-0.014166293688015006,0.28467315088247597,-0.012216527145877043,,-0.012216527145877043,,,0.0069990276597036135,-0.020649611625292875,0.0069990276597036135,-0.056914465276066306,0.0026066088046235196,,0.0026066088046235196
tm1_1.502,,,-0.015085394327748036,-0.2169596040025619,-0.015085394327748036,0.2837304927935051,-0.009773213874819092,,-0.009773213874819092,,,0.009849029372993071,-0.021837634565906473,0.009849029372993071,-0.056725072868641695,0.0021117122267870626,,0.0021117122267870626
tm1_1.506,,,-0.015514428442025873,-0.2151325406850621,-0.015514428442025873,0.2835769334670236,-0.011212506840466891,,-0.011212506840466891,,,0.00836732293013042,-0.019869905547719065,0.00836732293013042,-0.05560435755705447,0.0033183793952898666,,0.0033183793952898666
tm1_1.51,,,-0.015654518863594372,-0.21297999361026376,-0.015654518863594372,0.2827264535512416,-0.012349451795201884,,-0.012349451795201884,,,0.006919490362063723,-0.018007185468452695,0.006919490362063723,-0.05483598909413162,0.0044925599448738494,,0.0044925599448738494
tm1_1.514,,,-0.01561889398529843,-0.2110294068807623,-0.01561889398529843,0.28158825849447694,-0.012761744817092817,,-0.012761744817092817,,,0.006309042403819887,-0.01686258621631426,0.006309042403819887,-0.05448250192130197,0.005122215420390387,,0.005122215420390387
tm1_1.518,,,-0.01543436550239946,-0.20956619535292487,-0.01543436550239946,0.28048863855685485,-0.012796468685372467,,-0.012796468685372467,,,0.006349440039955058,-0.016364382735728218,0.006349440039955058,-0.054276292190127924,0.0052585773174290374,,0.0052585773174290374
tm1_1.522,,,-0.015100782454466721,-0.2087748428654743,-0.015100782454466721,0.2795533438875588,-0.012700535869558612,,-0.012700535869558612,,,0.00678471999696512,-0.016394570969328004,0.00678471999696512,-0.054024146071835914,0.005118535380640552,,0.005118535380640552
tm1_1.526,,,-0.014609128149410414,-0.20873883029558774,-0.014609128149410414,0.2787938472827813,-0.012646970305476887,,-0.012646970305476887,,,0.007371701665102665,-0.016808093784399517,0.007371701665102665,-0.05361190680087608,0.004933637293540132,,0.004933637293540132
tm1_1.53,,,-0.013973353035712566,-0.20939863398614705,-0.013973353035712566,0.27817120120898575,-0.012660789888008415,,-0.012660789888008415,,,0.007989338132393626,-0.01752073606723955,0.007989338132393626,-0.053032900726468074,0.004828571688853303,,0.004828571688853303
tm1_1.534,,,-0.013289059875980544,-0.21053725865012005,-0.013289059875980544,0.2776507601735543,-0.01262269649473326,,-0.01262269649473326,,,0.008655870717053737,-0.018503764226092862,0.008655870717053737,-0.05239904154677096,0.004794887262034719,,0.004794887262034719
tm1_1.538,,,-0.012761003336771359,-0.21184075588145557,-0.012761003336771359,0.2771783782873319,-0.012364640927982182,,-0.012364640927982182,,,0.009492117069648939,-0.019678243699342526,0.009492117069648939,-0.051855061948469214,0.004739906887725775,,0.004739906887725775
tm1_1.542,,,-0.012661082726359381,-0.21293898287199878,-0.012661082726359381,0.2766208803165567,-0.011699916007489066,,-0.011699916007489066,,,0.010684702007912565,-0.02089133937906805,0.010684702007912565,-0.051469442476460604,0.0045324572915393085,,0.0045324572915393085
tm1_1.546,,,-0.013175708738774793,-0.213365873163819,-0.013175708738774793,0.2756836593434312,-0.010430591598302607,,-0.010430591598302607,,,0.012404268114670254,-0.02203688758444756,0.012404268114670254,-0.051146776533375876,0.0040589883560687955,,0.0040589883560687955
tm1_1.55,,,-0.013868760347290053,-0.21383800634380895,-0.013868760347290053,0.27455972532523065,-0.009562964714598294,,-0.009562964714598294,,,0.013617327165319514,-0.022973070663790163,0.013617327165319514,-0.05138566459342225,0.003760811915640714,,0.003760811915640714
tm1_1.554,,,-0.014101971574939554,-0.21589894352710848,-0.014101971574939554,0.2740916640645283,-0.010525990371469352,,-0.010525990371469352,,,0.012952394397708879,-0.023586432999715894,0.012952394397708879,-0.053012555728757946,0.00425566318391442,,0.00425566318391442
tm1_1.558,,,-0.014493998505775377,-0.21717397136125782,-0.014493998505775377,0.2731270904049483,-0.01121198353421527,,-0.01121198353421527,,,0.012513602624035237,-0.024134698966813375,0.012513602624035237,-0.05450164369936966,0.00461158735758285,,0.00461158735758285
tm1_1.562,,,-0.014951031463993705,-0.21780145925957062,-0.014951031463993705,0.27193571907483954,-0.011708872064728867,,-0.011708872064728867,,,0.012264428397945436,-0.024576280417918758,0.012264428397945436,-0.05568599504575477,0.004862698478311473,,0.004862698478311473
tm1_1.566,,,-0.01527430154435921,-0.2180183254050497,-0.01527430154435921,0.27060942353876516,-0.01231570111208742,,-0.01231570111208742,,,0.012051117928850552,-0.02486730757009979,0.012051117928850552,-0.056454836860495405,0.005082523195802556,,0.005082523195802556
tm1_1.57,,,-0.015348721390871919,-0.2179565627840916,-0.015348721390871919,0.2691352792047262,-0.013129499418337746,,-0.013129499418337746,,,0.011951894544485111,-0.02503146546046075,0.011951894544485111,-0.056755072567399666,0.005198312074593454,,0.005198312074593454
tm1_1.574,,,-0.015211905646720257,-0.2176903885108626,-0.015211905646720257,0.2675603178901671,-0.014032932152836032,,-0.014032932152836032,,,0.012178433155086987,-0.025110918858665898,0.012178433155086987,-0.05664188821033433,0.0050530816563913806,,0.0050530816563913806
tm1_1.578,,,-0.014926844274190108,-0.21728860745845172,-0.014926844274190108,0.26595892296058143,-0.014859794522139909,,-0.014859794522139909,,,0.012775767941833863,-0.025157578127295445,0.012775767941833863,-0.05626078512483323,0.004643454255928946,,0.004643454255928946
tm1_1.582,,,-0.014470585009154442,-0.21682957783881954,-0.014470585009154442,0.264324324940733,-0.01551673293680574,,-0.01551673293680574,,,0.01348161460807786,-0.02524773545166191,0.01348161460807786,-0.0558175995753187,0.004226210201052987,,0.004226210201052987
tm1_1.586,,,-0.013848907708748389,-0.2163611804842027,-0.013848907708748389,0.2626169513680913,-0.015950832134172716,,-0.015950832134172716,,,0.01405161593621815,-0.02543406205103137,0.01405161593621815,-0.05548747979978311,0.004015507413558583,,0.004015507413558583
tm1_1.59,,,-0.013150839147022161,-0.2158735892002786,-0.013150839147022161,0.2608253118095503,-0.01611423801885528,,-0.01611423801885528,,,0.01447017688546933,-0.02577852537345725,0.01447017688546933,-0.05536159561454473,0.004013125865478257,,0.004013125865478257
tm1_1.594,,,-0.012464176660615082,-0.2153163999182369,-0.012464176660615082,0.2589512604019607,-0.0159815463081289,,-0.0159815463081289,,,0.014853229528267306,-0.026337573392049164,0.014853229528267306,-0.05545153392472454,0.004134156169288283,,0.004134156169288283
tm1_1.598,,,-0.01181652519080518,-0.21462922653262845,-0.01181652519080518,0.2569899355038993,-0.015683767952780876,,-0.015683767952780876,,,0.015203560935783757,-0.027029923978302856,0.015203560935783757,-0.055660734176138184,0.004360356022008862,,0.004360356022008862
tm1_1.602,,,-0.011176833052706076,-0.21380562021951416,-0.011176833052706076,0.2550514888771996,-0.01585301935241612,,-0.01585301935241612,,,0.015031786893475124,-0.02743246296311244,0.015031786893475124,-0.05571948812074614,0.004860063513337361,,0.004860063513337361
tm1_1.606,,,-0.010535912161955364,-0.21290887312311804,-0.010535912161955364,0.25321117042200075,-0.01684441299804602,,-0.01684441299804602,,,0.01402026146098956,-0.02739397260002492,0.01402026146098956,-0.05546376153518378,0.005743984915320669,,0.005743984915320669
tm1_1.61,,,-0.010019985330527016,-0.21201257758526873,-0.010019985330527016,0.2513828067145633,-0.017973798763558115,,-0.017973798763558115,,,0.01267823597036698,-0.027504975138318115,0.01267823597036698,-0.055095044588243075,0.006815645076663235,,0.006815645076663235
tm1_1.614,,,-0.009891503213726796,-0.21124261208212716,-0.009891503213726796,0.24985789485260076,-0.01877301991514191,,-0.01877301991514191,,,0.01121440585180343,-0.028034597159800927,0.01121440585180343,-0.05488441675520549,0.007919398750795389,,0.007919398750795389
tm1_1.618,,,-0.010449891146590094,-0.21066713464764794,-0.010449891146590094,0.24908681999538146,-0.019018318848413502,,-0.019018318848413502,,,0.009673989293610982,-0.028841831969401956,0.009673989293610982,-0.05510351324282504,0.00889041343749133,,0.00889041343749133
tm1_1.622,,,-0.011718449036867643,-0.21018377320181555,-0.011718449036867643,0.24907461141938783,-0.018705082184810214,,-0.018705082184810214,,,0.008287392078675506,-0.02965333139481942,0.008287392078675506,-0.05580968778559599,0.00953479892911584,,0.00953479892911584
tm1_1.626,,,-0.013311196759314203,-0.20958981338681795,-0.013311196759314203,0.24933291615067965,-0.01809822984398171,,-0.01809822984398171,,,0.007366572018107527,-0.030219031573303825,0.007366572018107527,-0.05678553536514918,0.009704202039294289,,0.009704202039294289
tm1_1.63,,,-0.014733927797717136,-0.20878215424246263,-0.014733927797717136,0.24941818583588202,-0.017519339747143127,,-0.017519339747143127,,,0.007080592257397604,-0.03034872240433526,0.007080592257397604,-0.05779185324302253,0.009322082549364253,,0.009322082549364253
tm1_1.634,,,-0.01579799776665021,-0.2078343874776593,-0.01579799776665021,0.24919767699784404,-0.017090359404139187,,-0.017090359404139187,,,0.007321725601840241,-0.030092667891562782,0.007321725601840241,-0.05864001947660569,0.008511703829069487,,0.008511703829069487
tm1_1.638,,,-0.016636654898399127,-0.20692190792601944,-0.016636654898399127,0.24872396310547154,-0.016738910755796903,,-0.016738910755796903,,,0.007821546105183609,-0.02972262216486438,0.007821546105183609,-0.0591797370567404,0.007547118310532237,,0.007547118310532237
tm1_1.642,,,-0.01742252212082465,-0.20618856506824448,-0.01742252212082465,0.24802866742463536,-0.01637403913471807,,-0.01637403913471807,,,0.008420642972051983,-0.02944640695879034,0.008420642972051983,-0.059383311628420525,0.006594361569674786,,0.006594361569674786
tm1_1.646,,,-0.018260935406843617,-0.2056867589344187,-0.018260935406843617,0.2470975378256113,-0.015944833505322525,,-0.015944833505322525,,,0.009079347236029503,-0.029334017577199663,0.009079347236029503,-0.05934851696135876,0.005675122437790895,,0.005675122437790895
tm1_1.65,,,-0.019187291911881604,-0.205375555150777,-0.019187291911881604,0.24589592075637245,-0.015428485621618195,,-0.015428485621618195,,,0.009770969324039003,-0.02934842343537525,0.009770969324039003,-0.05923725232630801,0.0047755604568565126,,0.0047755604568565126
tm2_1.45,,,-0.05188823157988215,0.05858596635739195,-0.05188823157988215,-0.06538595939215514,-0.01700855979089582,,-0.01700855979089582,,,-0.012796192639023594,0.04702703712877987,-0.012796192639023594,0.004211516887375406,0.025262679768561377,,0.025262679768561377
tm2_1.454,,,-0.05322332812772902,0.05968304769935523,-0.05322332812772902,-0.06528678182209141,-0.015720538537233195,,-0.015720538537233195,,,-0.011451981170819508,0.045886081089882694,-0.011451981170819508,0.0054017053962406286,0.025548966188058495,,0.025548966188058495
tm2_1.458,,,-0.054344420489347525,0.05919868125024031,-0.054344420489347525,-0.06471801447186985,-0.014248760738200151,,-0.014248760738200151,,,-0.010271441220090794,0.045710909468651084,-0.010271441220090794,0.006013092446316509,0.02538891656514817,,0.02538891656514817
tm2_1.462,,,-0.0543611215694641,0.05749718302935923,-0.0543611215694641,-0.0637803052922507,-0.013026109743357227,,-0.013026109743357227,,,-0.009508137782836287,0.04677030067425989,-0.009508137782836287,0.00604399700610296,0.025188122702724244,,0.025188122702724244
tm2_1.466,,,-0.054428427215146374,0.05724426933809131,-0.054428427215146374,-0.06372845901972579,-0.013111181257400807,,-0.013111181257400807,,,-0.00832399337232876,0.04759227509350896,-0.00832399337232876,0.0055892562778525065,0.025897894902530236,,0.025897894902530236
tm2_1.47,,,-0.054632432100870945,0.05641398135809063,-0.054632432100870945,-0.06315111310712723,-0.014122194429691717,,-0.014122194429691717,,,-0.008138983422713231,0.04748582888352549,-0.008138983422713231,0.0036692038557620777,0.02519264339905454,,0.02519264339905454
tm2_1.474,,,-0.05489347045074391,0.05615500653710458,-0.05489347045074391,-0.06252732292528813,-0.015233800700052447,,-0.015233800700052447,,,-0.009301837856115582,0.048974371083777196,-0.009301837856115582,0.002588309210847582,0.02555085421656183,,0.02555085421656183
tm2_1.478,,,-0.055184851165947194,0.056131457556253435,-0.055184851165947194,-0.061594925505422754,-0.015720266224548658,,-0.015720266224548658,,,-0.008753220041235958,0.048971095200235217,-0.008753220041235958,0.001725887848114273,0.025340470900824065,,0.025340470900824065
tm2_1.482,,,-0.05481453138380597,0.05554967013587378,-0.05481453138380597,-0.06144768386949233,-0.016228854824267707,,-0.016228854824267707,,,-0.008436663071881354,0.048835539573271955,-0.008436663071881354,0.0011312657660516095,0.024370882259480572,,0.024370882259480572
tm2_1.486,,,-0.05432961521586277,0.05607162778520925,-0.05432961521586277,-0.0620058049261817,-0.015278128126220172,,-0.015278128126220172,,,-0.009748183080635055,0.04812247419413788,-0.009748183080635055,0.00044616379200253,0.02413378697148066,,0.02413378697148066
tm2_1.49,,,-0.05503175268204765,0.0573872344379346,-0.05503175268204765,-0.06150814236384213,-0.01410022492381316,,-0.01410022492381316,,,-0.009529632906425048,0.04778341953727689,-0.009529632906425048,-0.00043550808049142774,0.023571035369590217,,0.023571035369590217
tm2_1.494,,,-0.055456664203692836,0.058580163633949245,-0.055456664203692836,-0.062183097019348085,-0.013426495439149784,,-0.013426495439149784,,,-0.0095688799848007,0.04823247069013773,-0.0095688799848007,-0.0015298614028592086,0.02389460010303338,,0.02389460010303338
tm2_1.498,,,-0.054767172874419845,0.05894475220090708,-0.054767172874419845,-0.06330000124997626,-0.014473719536674859,,-0.014473719536674859,,,-0.01105893946392154,0.04871715390511507,-0.01105893946392154,-0.0029638180813190357,0.025677146172169138,,0.025677146172169138
tm2_1.502,,,-0.05488903622525366,0.060096142716210145,-0.05488903622525366,-0.06279373287038999,-0.01503593734662199,,-0.01503593734662199,,,-0.01114783080958865,0.04843758638210719,-0.01114783080958865,-0.0037541704089036317,0.026829038097833005,,0.026829038097833005
tm2_1.506,,,-0.055259177416417164,0.06066309412997922,-0.055259177416417164,-0.0639796175359166,-0.016187161449760075,,-0.016187161449760075,,,-0.013109395359844483,0.04755569639840054,-0.013109395359844483,-0.003509114350343402,0.02854532128087718,,0.02854532128087718
tm2_1.51,,,-0.054372886819721564,0.06086870388850996,-0.054372886819721564,-0.06325979409856074,-0.017290951658622808,,-0.017290951658622808,,,-0.013674397731343487,0.04761973356691972,-0.013674397731343487,-0.0025410742900622073,0.0305005269516988,,0.0305005269516988
tm2_1.514,,,-0.055036955406679355,0.06008506117630165,-0.055036955406679355,-0.06432071130989982,-0.018554913963687115,,-0.018554913963687115,,,-0.013739982847998988,0.04880102291184007,-0.013739982847998988,-0.002281366779926013,0.03140877080187281,,0.03140877080187281
tm2_1.518,,,-0.05576158011166057,0.059521847822434706,-0.05576158011166057,-0.06696109286563327,-0.01913930920016751,,-0.01913930920016751,,,-0.012674240842638048,0.050017543235558376,-0.012674240842638048,-0.001826916189463406,0.02991344705230555,,0.02991344705230555
tm2_1.522,,,-0.0552059907271273,0.0580216007934691,-0.0552059907271273,-0.06972047238458136,-0.0204482111859603,,-0.0204482111859603,,,-0.013040409859354696,0.05162921668887213,-0.013040409859354696,-0.0015182742061800563,0.028633656272681943,,0.028633656272681943
tm2_1.526,,,-0.05377892371416234,0.058238835386506774,-0.05377892371416234,-0.07131056240518083,-0.02066608126507087,,-0.02066608126507087,,,-0.014941157491538432,0.053040990257285654,-0.014941157491538432,-0.0003172302856133062,0.027719658851323346,,0.027719658851323346
tm2_1.53,,,-0.05415152245851019,0.05875221738223636,-0.05415152245851019,-0.07237786046263245,-0.02188581867404321,,-0.02188581867404321,,,-0.01444427676052383,0.05631727645920068,-0.01444427676052383,0.0008342356642192825,0.026612914081276237,,0.026612914081276237
tm2_1.534,,,-0.05564299589672095,0.05788619691737194,-0.05564299589672095,-0.07456594461183547,-0.02114881285254513,,-0.02114881285254513,,,-0.01702392530985924,0.0583433701695309,-0.01702392530985924,0.0006747910188197553,0.025778420425345762,,0.025778420425345762
tm2_1.538,,,-0.05533659741301712,0.0585843689738504,-0.05533659741301712,-0.0783234774455787,-0.019579611664606273,,-0.019579611664606273,,,-0.01957688422383273,0.05801294369548338,-0.01957688422383273,-0.0016073503895800592,0.022794916912746713,,0.022794916912746713
tm2_1.542,,,-0.050483829966889375,0.05748093382369666,-0.050483829966889375,-0.08097118397514556,-0.01669490615575991,,-0.01669490615575991,,,-0.020467231816664655,0.058513546987974764,-0.020467231816664655,-0.001998551665918218,0.017880939753848066,,0.017880939753848066
tm2_1.546,,,-0.05001346543875681,0.05771507704006513,-0.05001346543875681,-0.0785640113826927,-0.01501997420358752,,-0.01501997420358752,,,-0.018778591061819293,0.05476600881131709,-0.018778591061819293,-0.0018029718092659444,0.020467020480977646,,0.020467020480977646
tm2_1.55,,,-0.050848792217535,0.059160399159101894,-0.050848792217535,-0.07746109875565019,-0.014991097307599817,,-0.014991097307599817,,,-0.016060780048291534,0.05374218279648314,-0.016060780048291534,0.0006505044350320481,0.023101864324225188,,0.023101864324225188
tm2_1.554,,,-0.05108384688642134,0.059570663026390254,-0.05108384688642134,-0.07458362550848592,-0.01598421089219241,,-0.01598421089219241,,,-0.015785572498808027,0.05449390542645378,-0.015785572498808027,0.0018833439881060334,0.02544043810079268,,0.02544043810079268
tm2_1.558,,,-0.053770488740882534,0.05948239064263335,-0.053770488740882534,-0.07177721434192327,-0.018442991517258787,,-0.018442991517258787,,,-0.01622129819284219,0.05612266671501958,-0.01622129819284219,0.0006934581099645493,0.02973810639286594,,0.02973810639286594
tm2_1.562,,,-0.052164131836496354,0.06062428569382715,-0.052164131836496354,-0.0676544181296893,-0.019358362545452812,,-0.019358362545452812,,,-0.01560626333364642,0.05571125219382923,-0.01560626333364642,0.0008715494694808927,0.029543258748095887,,0.029543258748095887
tm2_1.566,,,-0.05129917068874529,0.06115324820753529,-0.05129917068874529,-0.06497485421500707,-0.020256604562219893,,-0.020256604562219893,,,-0.016821777359817765,0.05536426707209197,-0.016821777359817765,0.0005441548702666114,0.029174438888930784,,0.029174438888930784
tm2_1.57,,,-0.05181959149417089,0.05983698779563023,-0.05181959149417089,-0.06285803247700424,-0.021492917880816514,,-0.021492917880816514,,,-0.01627790987275531,0.054624531047403405,-0.01627790987275531,2.527470202804913e-05,0.028973582738146857,,0.028973582738146857
tm2_1.574,,,-0.05119530791208757,0.059757503086542214,-0.05119530791208757,-0.06292539552093422,-0.02091849506697336,,-0.02091849506697336,,,-0.016658831383602874,0.05604394980689586,-0.016658831383602874,0.00019603286137209204,0.029377564998017608,,0.029377564998017608
tm2_1.578,,,-0.051175286660069194,0.06009269465338946,-0.051175286660069194,-0.060764919451270716,-0.019970328088948146,,-0.019970328088948146,,,-0.01586252764946756,0.05566452090495454,-0.01586252764946756,0.0012542900151027627,0.03037298589551229,,0.03037298589551229
tm2_1.582,,,-0.05203933764095666,0.06020076435764339,-0.05203933764095666,-0.05836238940618905,-0.019146357857558933,,-0.019146357857558933,,,-0.014366961874441364,0.054790335789934565,-0.014366961874441364,0.0027850820250303896,0.031062166444258618,,0.031062166444258618
tm2_1.586,,,-0.05148899801229334,0.06042030157679816,-0.05148899801229334,-0.057761817956605364,-0.018516879597880717,,-0.018516879597880717,,,-0.014378561067151052,0.0523223688109571,-0.014378561067151052,0.004576337036016514,0.030993171873258195,,0.030993171873258195
tm2_1.59,,,-0.05086615154283719,0.05920628561647365,-0.05086615154283719,-0.056925711139528795,-0.019488447802664885,,-0.019488447802664885,,,-0.014482692507471017,0.04994511677888176,-0.014482692507471017,0.00560393990428995,0.031210687748405935,,0.031210687748405935
tm2_1.594,,,-0.050612658635843084,0.058262287623356626,-0.050612658635843084,-0.05643208904959944,-0.0197696916290957,,-0.0197696916290957,,,-0.014138241085522713,0.046451926511730454,-0.014138241085522713,0.006291697278793512,0.03161978308504016,,0.03161978308504016
tm2_1.598,,,-0.050720239164630886,0.058638604076019514,-0.050720239164630886,-0.05678004270066796,-0.019820273072315188,,-0.019820273072315188,,,-0.012080955046531394,0.04367306434465551,-0.012080955046531394,0.005422547997919774,0.031004082039903774,,0.031004082039903774
tm2_1.602,,,-0.050333712372574106,0.05938065103039452,-0.050333712372574106,-0.05764896039257311,-0.02054363898769773,,-0.02054363898769773,,,-0.009995632924676475,0.04096654953650607,-0.009995632924676475,0.004886802803930612,0.03074565695361908,,0.03074565695361908
tm2_1.606,,,-0.05048527064683345,0.06027623472494709,-0.05048527064683345,-0.056753097500518046,-0.01996325773434716,,-0.01996325773434716,,,-0.008117134242819159,0.03965503312657356,-0.008117134242819159,0.004200116505229649,0.03194255675006931,,0.03194255675006931
tm2_1.61,,,-0.05045131503324187,0.061042795853466926,-0.05045131503324187,-0.055740399801449556,-0.019255255508189732,,-0.019255255508189732,,,-0.006560537346879311,0.0382694430309445,-0.006560537346879311,0.003099322978481021,0.032077368731594,,0.032077368731594
tm2_1.614,,,-0.04850996230655919,0.06194057066341051,-0.04850996230655919,-0.054413326914582116,-0.01948918022774153,,-0.01948918022774153,,,-0.006761989034078262,0.03794905610826986,-0.006761989034078262,0.003200356019697335,0.031487312908578834,,0.031487312908578834
tm2_1.618,,,-0.047091327613935655,0.06269890206587465,-0.047091327613935655,-0.0540303808552713,-0.01964654041233202,,-0.01964654041233202,,,-0.006799489933751449,0.03685824988681197,-0.006799489933751449,0.0034240482934297517,0.031219687556367108,,0.031219687556367108
tm2_1.622,,,-0.04591312408477081,0.06320515743614957,-0.04591312408477081,-0.053886359856871145,-0.019725270002893956,,-0.019725270002893956,,,-0.006387762661786692,0.035679241179874734,-0.006387762661786692,0.0037430684544508294,0.03078959585144758,,0.03078959585144758
tm2_1.626,,,-0.04458781012130864,0.062434950194794246,-0.04458781012130864,-0.052891841514894976,-0.01960454915930945,,-0.01960454915930945,,,-0.006043895163631037,0.03462649882112844,-0.006043895163631037,0.0042382229920198185,0.029831412129080876,,0.029831412129080876
tm2_1.63,,,-0.04338445496742493,0.05999846723167227,-0.04338445496742493,-0.05132145771067629,-0.01964668745401318,,-0.01964668745401318,,,-0.007258220413983597,0.03381890640893077,-0.007258220413983597,0.004513475109759892,0.028770779042250595,,0.028770779042250595
tm2_1.634,,,-0.0425536230370788,0.05865356912178086,-0.0425536230370788,-0.0508172268024348,-0.0196591916582103,,-0.0196591916582103,,,-0.008058963247557612,0.033617272098809145,-0.008058963247557612,0.0041437092334634254,0.028419185399627248,,0.028419185399627248
tm2_1.638,,,-0.04138900709268593,0.05903712353341251,-0.04138900709268593,-0.05136833908785663,-0.019234267468703804,,-0.019234267468703804,,,-0.009830906269589483,0.03440943665142941,-0.009830906269589483,0.0030204779026063626,0.028972846286090786,,0.028972846286090786
tm2_1.642,,,-0.03969284623841065,0.058933217314629104,-0.03969284623841065,-0.05075953848051074,-0.018694777206495684,,-0.018694777206495684,,,-0.011858695984324933,0.035489937074862185,-0.011858695984324933,0.0018910424423479442,0.02881951476796117,,0.02881951476796117
tm2_1.646,,,-0.038878431061548806,0.05856254730315208,-0.038878431061548806,-0.04960698924425081,-0.0172655787216023,,-0.0172655787216023,,,-0.012747468849426657,0.036406432939135036,-0.012747468849426657,0.0017577827005267471,0.02723568875063707,,0.02723568875063707
tm2_1.65,,,-0.038320262005381196,0.05867681663512793,-0.038320262005381196,-0.04855454197996833,-0.016630739195890448,,-0.016630739195890448,,,-0.013618995483483186,0.036656219586677925,-0.013618995483483186,0.0019538691695626877,0.025936652639788095,,0.025936652639788095
tm_phase_diff_1.45,,,0.019411152912796353,-0.03411605235699639,0.019411152912796353,0.038108042219837476,-0.0032857824158334316,,-0.0032857824158334316,,,-0.035969853591423344,0.036786203356071565,-0.035969853591423344,-0.03288446804891622,0.0241044874755603,,0.0241044874755603
tm_phase_diff_1.454,,,-0.023177756510945547,-0.02779983892577441,-0.023177756510945547,0.005033924722459544,-0.019679400540208968,,-0.019679400540208968,,,-0.04908784874809975,-0.021706272651765043,-0.04908784874809975,0.0010443993156557126,0.01636194701028898,,0.01636194701028898
tm_phase_diff_1.458,,,0.012839077965302318,0.001565575958971276,0.012839077965302318,0.0007727908532789464,-0.028939816058359352,,-0.028939816058359352,,,-0.015185684416027733,-0.02270282785306687,-0.015185684416027733,-0.029293608783871584,0.021893738321228363,,0.021893738321228363
tm_phase_diff_1.462,,,-0.004823742297841547,-0.016528496952540328,-0.004823742297841547,-0.03117463281451749,-0.0009671702476365733,,-0.0009671702476365733,,,0.018104010484153853,-0.033260910479358696,0.018104010484153853,-0.012709750180338148,0.0038146882395484684,,0.0038146882395484684
tm_phase_diff_1.466,,,-0.020881521639090055,0.033677817583664775,-0.020881521639090055,-0.03829787121235523,0.06315087775879398,,0.06315087775879398,,,0.025553919713760895,-0.02133971665821703,0.025553919713760895,-0.0062110117361583025,-0.0056123363499138565,,-0.0056123363499138565
tm_phase_diff_1.47,,,0.02527720546515186,0.026367393914488845,0.02527720546515186,-0.05102094047218781,0.07862886233032002,,0.07862886233032002,,,0.02360153741937506,-0.012693634709292459,0.02360153741937506,0.02295879655013405,-0.008041408389241467,,-0.008041408389241467
tm_phase_diff_1.474,,,0.04725856051507302,0.046488804527428276,0.04725856051507302,-0.06139319641827884,0.033571634936002175,,0.033571634936002175,,,0.014416638965398309,-0.009197006481086557,0.014416638965398309,0.02225451910983629,-0.007400057183127606,,-0.007400057183127606
tm_phase_diff_1.478,,,0.03098630575122754,0.07478348812322487,0.03098630575122754,-0.05389631370936631,0.04483231283318194,,0.04483231283318194,,,0.014925526411388387,-0.026871044007343282,0.014925526411388387,0.0074128820622415496,-0.00015237733988858365,,-0.00015237733988858365
tm_phase_diff_1.482,,,0.05704484745697784,0.10470975302687763,0.05704484745697784,-0.07008008976321914,0.04001553823131282,,0.04001553823131282,,,-0.012944671931337543,-0.012732867832945445,-0.012944671931337543,0.02163223142157904,-6.135591087495571e-06,,-6.135591087495571e-06
tm_phase_diff_1.486,,,0.007853874242043616,0.08627312092891404,0.007853874242043616,-0.07192672440118662,0.05192567978361176,,0.05192567978361176,,,-0.0045122431642486294,-0.03191305040005847,-0.0045122431642486294,-0.015828657368328176,-0.019773240239061084,,-0.019773240239061084
tm_phase_diff_1.49,,,0.004714673700875642,0.035671999981315,0.004714673700875642,-0.0324254914858657,0.02257460739045632,,0.02257460739045632,,,0.05463415453398156,0.02232005249011421,0.05463415453398156,-0.008629510401654944,-0.014428211873854135,,-0.014428211873854135
tm_phase_diff_1.494,,,-0.01030072473559143,0.013986355588727357,-0.01030072473559143,-0.009056831029091583,-0.009539645059157525,,-0.009539645059157525,,,0.03320949549975997,0.019412040939723867,0.03320949549975997,-0.03531387446605214,0.014475147837019257,,0.014475147837019257
tm_phase_diff_1.498,,,-0.034007174306547594,-0.0284087811126343,-0.034007174306547594,0.04526920323933298,0.001639281878006373,,0.001639281878006373,,,0.0008955285520158424,0.004706136960224486,0.0008955285520158424,-0.05850061425481194,0.00516767944248692,,0.00516767944248692
tm_phase_diff_1.502,,,-0.04872438894232657,-0.025215978542925368,-0.04872438894232657,0.06366047965677914,-0.0025387180917130544,,-0.0025387180917130544,,,0.021432349996514537,-0.02009447677186458,0.021432349996514537,-0.01100553163287935,-0.007057012407517284,,-0.007057012407517284
tm_phase_diff_1.506,,,-0.04132501251174003,-0.02418259742424597,-0.04132501251174003,0.06820517619175889,-0.0138969718130826,,-0.0138969718130826,,,-0.0007900493480608549,0.051016198505401726,-0.0007900493480608549,0.026146868268819443,-0.03595218340055446,,-0.03595218340055446
tm_phase_diff_1.51,,,-0.03428669088765694,-0.03858426184521064,-0.03428669088765694,0.09182809509842128,-0.021464663304762814,,-0.021464663304762814,,,0.009333941408705696,0.028977557363337476,0.009333941408705696,0.03451273111781199,-0.02213859120171455,,-0.02213859120171455
tm_phase_diff_1.514,,,-0.01923085621764645,-0.03591328310554741,-0.01923085621764645,0.05308931608219815,-0.038285729306222496,,-0.038285729306222496,,,-0.01943735235960591,0.02308457718691352,-0.01943735235960591,0.03804956165673979,-0.024676840271459312,,-0.024676840271459312
tm_phase_diff_1.518,,,-0.012526785886133204,-0.040761932624527014,-0.012526785886133204,0.02043714684329364,-0.06701927406462968,,-0.06701927406462968,,,-0.04823201112829431,0.03854640301833419,-0.04823201112829431,0.005144147644123157,0.004700870661772344,,0.004700870661772344
tm_phase_diff_1.522,,,0.015964350378748427,-0.051654531183411116,0.015964350378748427,0.024110493494543028,-0.08609352967386513,,-0.08609352967386513,,,-0.06085110077883487,0.00721773979280737,-0.06085110077883487,0.006938032734881659,0.0423695402138294,,0.0423695402138294
tm_phase_diff_1.526,,,-0.00400854386261066,-0.05354715970513708,-0.00400854386261066,0.013438677385690908,-0.02686007388036213,,-0.02686007388036213,,,-0.029576061065182707,-0.014341622897314572,-0.029576061065182707,-0.018905034634082378,0.03163428395146717,,0.03163428395146717
tm_phase_diff_1.53,,,-0.00636838359537041,-0.03635513574747744,-0.00636838359537041,0.028375031851225398,-0.018274800037745228,,-0.018274800037745228,,,-0.010667057537183304,-0.02722597737190875,-0.010667057537183304,0.004222651764647376,0.011734696084071869,,0.011734696084071869
tm_phase_diff_1.534,,,-0.015425626331698777,-0.03016642329549522,-0.015425626331698777,0.0476921601949271,-0.011966383640495477,,-0.011966383640495477,,,-0.03752869800332812,0.0015291923266742276,-0.03752869800332812,-0.014014736864051233,0.019019137542951252,,0.019019137542951252
tm_phase_diff_1.538,,,-0.013725097037301119,-0.022652131542199177,-0.013725097037301119,0.004653313275812136,0.02725446950022327,,0.02725446950022327,,,-0.013733937660667134,0.0005463310843948313,-0.013733937660667134,-0.02066353652551377,0.00826795232558379,,0.00826795232558379
tm_phase_diff_1.542,,,0.018654510833229006,-0.008420260463675973,0.018654510833229006,0.013903854915780995,0.025738879917813498,,0.025738879917813498,,,0.005761933975659515,-0.01765051866551939,0.005761933975659515,-0.032025620299822394,-0.0010960240377927827,,-0.0010960240377927827
tm_phase_diff_1.546,,,-0.00874224320460955,-0.011390648200908505,-0.00874224320460955,-0.012960984489505877,0.014870998570710036,,0.014870998570710036,,,0.03753284420808069,0.0026166784227565727,0.03753284420808069,0.009513875900303101,-0.0009273854103185105,,-0.0009273854103185105
tm_phase_diff_1.55,,,0.04136428789497818,0.029464489608272065,0.04136428789497818,-0.04086009544039493,0.006726996857941358,,0.006726996857941358,,,0.02077283212214939,-0.01977827050453105,0.02077283212214939,0.018811382739460716,0.005286381587399091,,0.005286381587399091
tm_phase_diff_1.554,,,0.04720987005157334,0.06354878300251655,0.04720987005157334,-0.0619502163228878,-0.007888592507441004,,-0.007888592507441004,,,0.011534860035999784,0.006229327104003654,0.011534860035999784,0.007937233254943228,0.02557520230414908,,0.02557520230414908
tm_phase_diff_1.558,,,0.056592374211334735,0.07476064419660418,0.056592374211334735,-0.054152218110246474,0.02069323308164185,,0.02069323308164185,,,-0.006653861726782488,-0.001383331540196963,-0.006653861726782488,0.02351829089489826,0.000724521019642379,,0.000724521019642379
tm_phase_diff_1.562,,,0.05019794049325257,0.06528498500478398,0.05019794049325257,-0.04309862211292022,0.038923262833897625,,0.038923262833897625,,,-0.012486923882540933,-0.003965915700793163,-0.012486923882540933,0.029795502508195217,0.016398378398100853,,0.016398378398100853
tm_phase_diff_1.566,,,0.019226538710381505,0.05386988424532323,0.019226538710381505,-0.054359352531917024,0.068906919192976,,0.068906919192976,,,-0.025137677270864495,-0.011727538358839482,-0.025137677270864495,0.02190315252583928,-0.020969791863682256,,-0.020969791863682256
tm_phase_diff_1.57,,,0.021682011363704057,0.04650547018961196,0.021682011363704057,-0.04359473587313928,0.0612031173473681,,0.0612031173473681,,,-0.014448893431544157,0.01339167899766975,-0.014448893431544157,-0.025248015713776967,-0.012969506504588018,,-0.012969506504588018
tm_phase_diff_1.574,,,-0.0038312131877211546,0.08832857542316179,-0.0038312131877211546,-0.032985893499708464,0.05265647770811122,,0.05265647770811122,,,-0.017969041199045792,0.028741551438368984,-0.017969041199045792,-0.08634898087347602,-0.023697756397582873,,-0.023697756397582873
tm_phase_diff_1.578,,,0.006432536378612071,0.07846371049210944,0.006432536378612071,-0.032397035792871835,0.0601155557088469,,0.0601155557088469,,,0.025081200058735435,0.005111494906965573,0.025081200058735435,-0.07407041567821204,-0.05960194310258175,,-0.05960194310258175
tm_phase_diff_1.582,,,-0.019058384844419737,0.05231867344633349,-0.019058384844419737,-0.0043176007139945705,-0.00401600377757186,,-0.00401600377757186,,,0.06736628031694882,0.016028159388205197,0.06736628031694882,-0.04740960298357916,-0.01681059381177185,,-0.01681059381177185
tm_phase_diff_1.586,,,-0.022072324108106663,-0.010116233291051395,-0.022072324108106663,-0.01728685416578652,0.015261956228667653,,0.015261956228667653,,,0.026908901155788385,0.0106128072225956,0.026908901155788385,-0.042624543187622,0.013851061664515609,,0.013851061664515609
tm_phase_diff_1.59,,,0.0074217080760391125,-0.037926467966828754,0.0074217080760391125,0.008417248653687976,0.004913897518857114,,0.004913897518857114,,,0.005111857150435065,-0.016864228776672156,0.005111857150435065,-0.014128446665690138,0.04362076169527181,,0.04362076169527181
tm_phase_diff_1.594,,,0.013961935464927952,-0.05310334857618187,0.013961935464927952,0.027146294946440643,-0.004533946148418054,,-0.004533946148418054,,,0.004817788407943103,-0.04494698950819402,0.004817788407943103,0.006195172970304818,0.01261025945728459,,0.01261025945728459
tm_phase_diff_1.598,,,-0.044071074937235645,-0.05956442538566388,-0.044071074937235645,0.03900614236287305,-0.038302973432590155,,-0.038302973432590155,,,0.0009071320730748636,-0.059129495697469225,0.0009071320730748636,0.04430788921707548,0.014493967140658157,,0.014493967140658157
tm_phase_diff_1.602,,,-0.022428483455802794,-0.04739541742605389,-0.022428483455802794,0.06468882204259728,-0.06255279462098588,,-0.06255279462098588,,,-0.002500134101397727,-0.022340874133301537,-0.002500134101397727,0.05910535482625289,0.028125155409594926,,0.028125155409594926
tm_phase_diff_1.606,,,-0.054473325374934184,-0.0509805832889776,-0.054473325374934184,0.014749136783420172,-0.04073988410832327,,-0.04073988410832327,,,0.03189045094315645,-0.026540738962686505,0.03189045094315645,0.060366075488186,0.015087497123931076,,0.015087497123931076
tm_phase_diff_1.61,,,-0.036819734235380354,-0.024746383249588347,-0.036819734235380354,0.023446648024039278,-0.041758298069549615,,-0.041758298069549615,,,-0.016154758393807703,-0.002524476508736115,-0.016154758393807703,0.05869355650698557,-0.004716143772808545,,-0.004716143772808545
tm_phase_diff_1.614,,,-0.04286661661995193,-0.011929493561949176,-0.04286661661995193,-0.007393521989831151,-0.025026481981481837,,-0.025026481981481837,,,-0.023444901449493707,0.00972138095614306,-0.023444901449493707,0.0060516467707652614,-0.01583615065015421,,-0.01583615065015421
tm_phase_diff_1.618,,,-0.01801178607311592,-0.008011200117723627,-0.01801178607311592,-0.016173657737344,-0.02485737132649067,,-0.02485737132649067,,,-0.0014969822433823817,0.005692361938287817,-0.0014969822433823817,-0.0012882687171675306,-0.014571007687396526,,-0.014571007687396526
tm_phase_diff_1.622,,,-0.010637186668966387,-0.007992346629869248,-0.010637186668966387,0.009167862026692794,-0.02206468185009266,,-0.02206468185009266,,,0.018862013321269112,-0.021609549861967264,0.018862013321269112,-0.011319679015399478,-0.0028574456270917276,,-0.0028574456270917276
tm_phase_diff_1.626,,,0.01308149149184129,-0.0019224215873993472,0.01308149149184129,-0.0026679292878556506,-0.027681690786684414,,-0.027681690786684414,,,0.03462256248345069,0.006954188919296266,0.03462256248345069,0.007845515455996566,0.018636048171654353,,0.018636048171654353
tm_phase_diff_1.63,,,0.010029644140243881,-0.02197449424843125,0.010029644140243881,0.011637861711513564,-0.01938181838979188,,-0.01938181838979188,,,0.007925570973082207,0.013912078027503756,0.007925570973082207,0.013888496855305217,0.012977720939062638,,0.012977720939062638
tm_phase_diff_1.634,,,0.03968089695193561,-0.035183660468968446,0.03968089695193561,0.031576052847240244,-0.02686028354165264,,-0.02686028354165264,,,0.018681838120772818,0.005099721262915172,0.018681838120772818,0.0012391666120044012,0.00580223298346915,,0.00580223298346915
tm_phase_diff_1.638,,,0.035875085837084035,-0.027768888176125717,0.035875085837084035,0.01505502881041319,-0.0035871954463625854,,-0.0035871954463625854,,,0.012945724106984524,0.03880002328709588,0.012945724106984524,-0.023629505835614822,-0.013868518685213998,,-0.013868518685213998
tm_phase_diff_1.642,,,0.005238378111853682,-0.020401965787841893,0.005238378111853682,0.022306819698927054,0.009976560741546757,,0.009976560741546757,,,-0.007463078915615309,0.02666140173222807,-0.007463078915615309,-0.023144177354989647,0.004049777240525142,,0.004049777240525142
tm_phase_diff_1.646,,,0.022990577320491628,0.018403653819310827,0.022990577320491628,0.005466735390090645,0.020719038912016333,,0.020719038912016333,,,-0.006984710704042185,0.009194996874834037,-0.006984710704042185,-0.005089811416820888,-0.012784844903755628,,-0.012784844903755628
tm_phase_diff_1.65,,,0.02912799666840284,0.015908707921649046,0.02912799666840284,0.008770356091482773,0.003774662197421807,,0.003774662197421807,,,-0.03747337857151602,0.011545410468691729,-0.03747337857151602,0.014974430006661156,0.023432436195058807,,0.023432436195058807
wg_1_w,,,,,,,,,,,,,,,,,,
wg_1_p_1_x,,,,,,,,,,,,,,,,,,
wg_1_p_1_y,,,1.0,0.03656826451123391,1.0,-0.039525065725854215,0.08506858691895731,,0.08506858691895731,,,0.008040049801456917,-0.029513027268854772,0.008040049801456917,0.041089385327903266,-0.08268371097778278,,-0.08268371097778278
wg_1_p_2_x,,,0.03656826451123391,1.0,0.03656826451123391,-0.031317740232782235,0.07414355387250886,,0.07414355387250886,,,0.04134647960920376,-0.021305948732758245,0.04134647960920376,0.0064650055651040905,-0.043476464690391785,,-0.043476464690391785
wg_1_p_2_y,,,1.0,0.03656826451123391,1.0,-0.039525065725854215,0.08506858691895731,,0.08506858691895731,,,0.008040049801456917,-0.029513027268854772,0.008040049801456917,0.041089385327903266,-0.08268371097778278,,-0.08268371097778278
wg_1_p_3_x,,,-0.039525065725854215,-0.031317740232782235,-0.039525065725854215,1.0,-0.05260791288745779,,-0.05260791288745779,,,0.037981004785222774,-0.010349897684045229,0.037981004785222774,-0.03660269882629225,-0.015016637957324934,,-0.015016637957324934
wg_1_p_3_y,,,0.08506858691895731,0.07414355387250886,0.08506858691895731,-0.05260791288745779,1.0,,1.0,,,0.0029146764478952154,-0.00505601803543786,0.0029146764478952154,-0.03738460261936243,-0.4811360556065278,,-0.4811360556065278
wg_1_p_4_x,,,,,,,,,,,,,,,,,,
wg_1_p_4_y,,,0.08506858691895731,0.07414355387250886,0.08506858691895731,-0.05260791288745779,1.0,,1.0,,,0.0029146764478952154,-0.00505601803543786,0.0029146764478952154,-0.03738460261936243,-0.4811360556065278,,-0.4811360556065278
wg_2_w,,,,,,,,,,,,,,,,,,
wg_2_p_1_x,,,,,,,,,,,,,,,,,,
wg_2_p_1_y,,,0.008040049801456917,0.04134647960920376,0.008040049801456917,0.037981004785222774,0.0029146764478952154,,0.0029146764478952154,,,1.0,0.012720447906300307,1.0,0.04478123943257471,0.06651652047244241,,0.06651652047244241
wg_2_p_2_x,,,-0.029513027268854772,-0.021305948732758245,-0.029513027268854772,-0.010349897684045229,-0.00505601803543786,,-0.00505601803543786,,,0.012720447906300307,1.0,0.012720447906300307,-0.007228452083357996,0.04458561012023548,,0.04458561012023548
wg_2_p_2_y,,,0.008040049801456917,0.04134647960920376,0.008040049801456917,0.037981004785222774,0.0029146764478952154,,0.0029146764478952154,,,1.0,0.012720447906300307,1.0,0.04478123943257471,0.06651652047244241,,0.06651652047244241
wg_2_p_3_x,,,0.041089385327903266,0.0064650055651040905,0.041089385327903266,-0.03660269882629225,-0.03738460261936243,,-0.03738460261936243,,,0.04478123943257471,-0.007228452083357996,0.04478123943257471,1.0,0.017478850917669014,,0.017478850917669014
wg_2_p_3_y,,,-0.08268371097778278,-0.043476464690391785,-0.08268371097778278,-0.015016637957324934,-0.4811360556065278,,-0.4811360556065278,,,0.06651652047244241,0.04458561012023548,0.06651652047244241,0.017478850917669014,1.0,,1.0
wg_2_p_4_x,,,,,,,,,,,,,,,,,,
wg_2_p_4_y,,,-0.08268371097778278,-0.043476464690391785,-0.08268371097778278,-0.015016637957324934,-0.4811360556065278,,-0.4811360556065278,,,0.06651652047244241,0.04458561012023548,0.06651652047244241,0.017478850917669014,1.0,,1.0
